i,#cores,Gbps,Mpps,loss
1,1,2.8380488,5.9126015999999995,0.0
2,1,3.221999648,6.7124992,0.0
3,1,2.974869536,6.1976448,0.0
